,,,,"Estimate; PERCENTAGE OF FAMILIES AND PEOPLE WHOSE INCOME IN THE PAST 12 MONTHS IS BELOW THE POVERTY LEVEL - All families","Margin of Error; PERCENTAGE OF FAMILIES AND PEOPLE WHOSE INCOME IN THE PAST 12 MONTHS IS BELOW THE POVERTY LEVEL - All families","Percent; PERCENTAGE OF FAMILIES AND PEOPLE WHOSE INCOME IN THE PAST 12 MONTHS IS BELOW THE POVERTY LEVEL - All families","Percent Margin of Error; PERCENTAGE OF FAMILIES AND PEOPLE WHOSE INCOME IN THE PAST 12 MONTHS IS BELOW THE POVERTY LEVEL - All families","Estimate; PERCENTAGE OF FAMILIES AND PEOPLE WHOSE INCOME IN THE PAST 12 MONTHS IS BELOW THE POVERTY LEVEL - All families - With related children under 18 years","Margin of Error; PERCENTAGE OF FAMILIES AND PEOPLE WHOSE INCOME IN THE PAST 12 MONTHS IS BELOW THE POVERTY LEVEL - All families - With related children under 18 years","Percent; PERCENTAGE OF FAMILIES AND PEOPLE WHOSE INCOME IN THE PAST 12 MONTHS IS BELOW THE POVERTY LEVEL - All families - With related children under 18 years","Percent Margin of Error; PERCENTAGE OF FAMILIES AND PEOPLE WHOSE INCOME IN THE PAST 12 MONTHS IS BELOW THE POVERTY LEVEL - All families - With related children under 18 years","Estimate; PERCENTAGE OF FAMILIES AND PEOPLE WHOSE INCOME IN THE PAST 12 MONTHS IS BELOW THE POVERTY LEVEL - All families - With related children under 18 years - With related children under 5 years only","Margin of Error; PERCENTAGE OF FAMILIES AND PEOPLE WHOSE INCOME IN THE PAST 12 MONTHS IS BELOW THE POVERTY LEVEL - All families - With related children under 18 years - With related children under 5 years only","Percent; PERCENTAGE OF FAMILIES AND PEOPLE WHOSE INCOME IN THE PAST 12 MONTHS IS BELOW THE POVERTY LEVEL - All families - With related children under 18 years - With related children under 5 years only","Percent Margin of Error; PERCENTAGE OF FAMILIES AND PEOPLE WHOSE INCOME IN THE PAST 12 MONTHS IS BELOW THE POVERTY LEVEL - All families - With related children under 18 years - With related children under 5 years only","Estimate; PERCENTAGE OF FAMILIES AND PEOPLE WHOSE INCOME IN THE PAST 12 MONTHS IS BELOW THE POVERTY LEVEL - Married couple families","Margin of Error; PERCENTAGE OF FAMILIES AND PEOPLE WHOSE INCOME IN THE PAST 12 MONTHS IS BELOW THE POVERTY LEVEL - Married couple families","Percent; PERCENTAGE OF FAMILIES AND PEOPLE WHOSE INCOME IN THE PAST 12 MONTHS IS BELOW THE POVERTY LEVEL - Married couple families","Percent Margin of Error; PERCENTAGE OF FAMILIES AND PEOPLE WHOSE INCOME IN THE PAST 12 MONTHS IS BELOW THE POVERTY LEVEL - Married couple families","Estimate; PERCENTAGE OF FAMILIES AND PEOPLE WHOSE INCOME IN THE PAST 12 MONTHS IS BELOW THE POVERTY LEVEL - Married couple families - With related children under 18 years","Margin of Error; PERCENTAGE OF FAMILIES AND PEOPLE WHOSE INCOME IN THE PAST 12 MONTHS IS BELOW THE POVERTY LEVEL - Married couple families - With related children under 18 years","Percent; PERCENTAGE OF FAMILIES AND PEOPLE WHOSE INCOME IN THE PAST 12 MONTHS IS BELOW THE POVERTY LEVEL - Married couple families - With related children under 18 years","Percent Margin of Error; PERCENTAGE OF FAMILIES AND PEOPLE WHOSE INCOME IN THE PAST 12 MONTHS IS BELOW THE POVERTY LEVEL - Married couple families - With related children under 18 years","Estimate; PERCENTAGE OF FAMILIES AND PEOPLE WHOSE INCOME IN THE PAST 12 MONTHS IS BELOW THE POVERTY LEVEL - Married couple families - With related children under 18 years - With related children under 5 years only","Margin of Error; PERCENTAGE OF FAMILIES AND PEOPLE WHOSE INCOME IN THE PAST 12 MONTHS IS BELOW THE POVERTY LEVEL - Married couple families - With related children under 18 years - With related children under 5 years only","Percent; PERCENTAGE OF FAMILIES AND PEOPLE WHOSE INCOME IN THE PAST 12 MONTHS IS BELOW THE POVERTY LEVEL - Married couple families - With related children under 18 years - With related children under 5 years only","Percent Margin of Error; PERCENTAGE OF FAMILIES AND PEOPLE WHOSE INCOME IN THE PAST 12 MONTHS IS BELOW THE POVERTY LEVEL - Married couple families - With related children under 18 years - With related children under 5 years only","Estimate; PERCENTAGE OF FAMILIES AND PEOPLE WHOSE INCOME IN THE PAST 12 MONTHS IS BELOW THE POVERTY LEVEL - Families with female householder, no husband present","Margin of Error; PERCENTAGE OF FAMILIES AND PEOPLE WHOSE INCOME IN THE PAST 12 MONTHS IS BELOW THE POVERTY LEVEL - Families with female householder, no husband present","Percent; PERCENTAGE OF FAMILIES AND PEOPLE WHOSE INCOME IN THE PAST 12 MONTHS IS BELOW THE POVERTY LEVEL - Families with female householder, no husband present","Percent Margin of Error; PERCENTAGE OF FAMILIES AND PEOPLE WHOSE INCOME IN THE PAST 12 MONTHS IS BELOW THE POVERTY LEVEL - Families with female householder, no husband present","Estimate; PERCENTAGE OF FAMILIES AND PEOPLE WHOSE INCOME IN THE PAST 12 MONTHS IS BELOW THE POVERTY LEVEL - Families with female householder, no husband present - With related children under 18 years","Margin of Error; PERCENTAGE OF FAMILIES AND PEOPLE WHOSE INCOME IN THE PAST 12 MONTHS IS BELOW THE POVERTY LEVEL - Families with female householder, no husband present - With related children under 18 years","Percent; PERCENTAGE OF FAMILIES AND PEOPLE WHOSE INCOME IN THE PAST 12 MONTHS IS BELOW THE POVERTY LEVEL - Families with female householder, no husband present - With related children under 18 years","Percent Margin of Error; PERCENTAGE OF FAMILIES AND PEOPLE WHOSE INCOME IN THE PAST 12 MONTHS IS BELOW THE POVERTY LEVEL - Families with female householder, no husband present - With related children under 18 years","Estimate; PERCENTAGE OF FAMILIES AND PEOPLE WHOSE INCOME IN THE PAST 12 MONTHS IS BELOW THE POVERTY LEVEL - Families with female householder, no husband present - With related children under 18 years - With related children under 5 years only","Margin of Error; PERCENTAGE OF FAMILIES AND PEOPLE WHOSE INCOME IN THE PAST 12 MONTHS IS BELOW THE POVERTY LEVEL - Families with female householder, no husband present - With related children under 18 years - With related children under 5 years only","Percent; PERCENTAGE OF FAMILIES AND PEOPLE WHOSE INCOME IN THE PAST 12 MONTHS IS BELOW THE POVERTY LEVEL - Families with female householder, no husband present - With related children under 18 years - With related children under 5 years only","Percent Margin of Error; PERCENTAGE OF FAMILIES AND PEOPLE WHOSE INCOME IN THE PAST 12 MONTHS IS BELOW THE POVERTY LEVEL - Families with female householder, no husband present - With related children under 18 years - With related children under 5 years only","Estimate; PERCENTAGE OF FAMILIES AND PEOPLE WHOSE INCOME IN THE PAST 12 MONTHS IS BELOW THE POVERTY LEVEL - All people","Margin of Error; PERCENTAGE OF FAMILIES AND PEOPLE WHOSE INCOME IN THE PAST 12 MONTHS IS BELOW THE POVERTY LEVEL - All people","Percent; PERCENTAGE OF FAMILIES AND PEOPLE WHOSE INCOME IN THE PAST 12 MONTHS IS BELOW THE POVERTY LEVEL - All people","Percent Margin of Error; PERCENTAGE OF FAMILIES AND PEOPLE WHOSE INCOME IN THE PAST 12 MONTHS IS BELOW THE POVERTY LEVEL - All people","Estimate; PERCENTAGE OF FAMILIES AND PEOPLE WHOSE INCOME IN THE PAST 12 MONTHS IS BELOW THE POVERTY LEVEL - Under 18 years","Margin of Error; PERCENTAGE OF FAMILIES AND PEOPLE WHOSE INCOME IN THE PAST 12 MONTHS IS BELOW THE POVERTY LEVEL - Under 18 years","Percent; PERCENTAGE OF FAMILIES AND PEOPLE WHOSE INCOME IN THE PAST 12 MONTHS IS BELOW THE POVERTY LEVEL - Under 18 years","Percent Margin of Error; PERCENTAGE OF FAMILIES AND PEOPLE WHOSE INCOME IN THE PAST 12 MONTHS IS BELOW THE POVERTY LEVEL - Under 18 years","Estimate; PERCENTAGE OF FAMILIES AND PEOPLE WHOSE INCOME IN THE PAST 12 MONTHS IS BELOW THE POVERTY LEVEL - Under 18 years - Related children under 18 years","Margin of Error; PERCENTAGE OF FAMILIES AND PEOPLE WHOSE INCOME IN THE PAST 12 MONTHS IS BELOW THE POVERTY LEVEL - Under 18 years - Related children under 18 years","Percent; PERCENTAGE OF FAMILIES AND PEOPLE WHOSE INCOME IN THE PAST 12 MONTHS IS BELOW THE POVERTY LEVEL - Under 18 years - Related children under 18 years","Percent Margin of Error; PERCENTAGE OF FAMILIES AND PEOPLE WHOSE INCOME IN THE PAST 12 MONTHS IS BELOW THE POVERTY LEVEL - Under 18 years - Related children under 18 years","Estimate; PERCENTAGE OF FAMILIES AND PEOPLE WHOSE INCOME IN THE PAST 12 MONTHS IS BELOW THE POVERTY LEVEL - Under 18 years - Related children under 18 years - Related children under 5 years","Margin of Error; PERCENTAGE OF FAMILIES AND PEOPLE WHOSE INCOME IN THE PAST 12 MONTHS IS BELOW THE POVERTY LEVEL - Under 18 years - Related children under 18 years - Related children under 5 years","Percent; PERCENTAGE OF FAMILIES AND PEOPLE WHOSE INCOME IN THE PAST 12 MONTHS IS BELOW THE POVERTY LEVEL - Under 18 years - Related children under 18 years - Related children under 5 years","Percent Margin of Error; PERCENTAGE OF FAMILIES AND PEOPLE WHOSE INCOME IN THE PAST 12 MONTHS IS BELOW THE POVERTY LEVEL - Under 18 years - Related children under 18 years - Related children under 5 years","Estimate; PERCENTAGE OF FAMILIES AND PEOPLE WHOSE INCOME IN THE PAST 12 MONTHS IS BELOW THE POVERTY LEVEL - Under 18 years - Related children under 18 years - Related children 5 to 17 years","Margin of Error; PERCENTAGE OF FAMILIES AND PEOPLE WHOSE INCOME IN THE PAST 12 MONTHS IS BELOW THE POVERTY LEVEL - Under 18 years - Related children under 18 years - Related children 5 to 17 years","Percent; PERCENTAGE OF FAMILIES AND PEOPLE WHOSE INCOME IN THE PAST 12 MONTHS IS BELOW THE POVERTY LEVEL - Under 18 years - Related children under 18 years - Related children 5 to 17 years","Percent Margin of Error; PERCENTAGE OF FAMILIES AND PEOPLE WHOSE INCOME IN THE PAST 12 MONTHS IS BELOW THE POVERTY LEVEL - Under 18 years - Related children under 18 years - Related children 5 to 17 years","Estimate; PERCENTAGE OF FAMILIES AND PEOPLE WHOSE INCOME IN THE PAST 12 MONTHS IS BELOW THE POVERTY LEVEL - 18 years and over","Margin of Error; PERCENTAGE OF FAMILIES AND PEOPLE WHOSE INCOME IN THE PAST 12 MONTHS IS BELOW THE POVERTY LEVEL - 18 years and over","Percent; PERCENTAGE OF FAMILIES AND PEOPLE WHOSE INCOME IN THE PAST 12 MONTHS IS BELOW THE POVERTY LEVEL - 18 years and over","Percent Margin of Error; PERCENTAGE OF FAMILIES AND PEOPLE WHOSE INCOME IN THE PAST 12 MONTHS IS BELOW THE POVERTY LEVEL - 18 years and over","Estimate; PERCENTAGE OF FAMILIES AND PEOPLE WHOSE INCOME IN THE PAST 12 MONTHS IS BELOW THE POVERTY LEVEL - 18 to 64 years","Margin of Error; PERCENTAGE OF FAMILIES AND PEOPLE WHOSE INCOME IN THE PAST 12 MONTHS IS BELOW THE POVERTY LEVEL - 18 to 64 years","Percent; PERCENTAGE OF FAMILIES AND PEOPLE WHOSE INCOME IN THE PAST 12 MONTHS IS BELOW THE POVERTY LEVEL - 18 to 64 years","Percent Margin of Error; PERCENTAGE OF FAMILIES AND PEOPLE WHOSE INCOME IN THE PAST 12 MONTHS IS BELOW THE POVERTY LEVEL - 18 to 64 years","Estimate; PERCENTAGE OF FAMILIES AND PEOPLE WHOSE INCOME IN THE PAST 12 MONTHS IS BELOW THE POVERTY LEVEL - 65 years and over","Margin of Error; PERCENTAGE OF FAMILIES AND PEOPLE WHOSE INCOME IN THE PAST 12 MONTHS IS BELOW THE POVERTY LEVEL - 65 years and over","Percent; PERCENTAGE OF FAMILIES AND PEOPLE WHOSE INCOME IN THE PAST 12 MONTHS IS BELOW THE POVERTY LEVEL - 65 years and over","Percent Margin of Error; PERCENTAGE OF FAMILIES AND PEOPLE WHOSE INCOME IN THE PAST 12 MONTHS IS BELOW THE POVERTY LEVEL - 65 years and over","Estimate; PERCENTAGE OF FAMILIES AND PEOPLE WHOSE INCOME IN THE PAST 12 MONTHS IS BELOW THE POVERTY LEVEL - 65 years and over - People in families","Margin of Error; PERCENTAGE OF FAMILIES AND PEOPLE WHOSE INCOME IN THE PAST 12 MONTHS IS BELOW THE POVERTY LEVEL - 65 years and over - People in families","Percent; PERCENTAGE OF FAMILIES AND PEOPLE WHOSE INCOME IN THE PAST 12 MONTHS IS BELOW THE POVERTY LEVEL - 65 years and over - People in families","Percent Margin of Error; PERCENTAGE OF FAMILIES AND PEOPLE WHOSE INCOME IN THE PAST 12 MONTHS IS BELOW THE POVERTY LEVEL - 65 years and over - People in families","Estimate; PERCENTAGE OF FAMILIES AND PEOPLE WHOSE INCOME IN THE PAST 12 MONTHS IS BELOW THE POVERTY LEVEL - 65 years and over - Unrelated individuals 15 years and over","Margin of Error; PERCENTAGE OF FAMILIES AND PEOPLE WHOSE INCOME IN THE PAST 12 MONTHS IS BELOW THE POVERTY LEVEL - 65 years and over - Unrelated individuals 15 years and over","Percent; PERCENTAGE OF FAMILIES AND PEOPLE WHOSE INCOME IN THE PAST 12 MONTHS IS BELOW THE POVERTY LEVEL - 65 years and over - Unrelated individuals 15 years and over","Percent Margin of Error; PERCENTAGE OF FAMILIES AND PEOPLE WHOSE INCOME IN THE PAST 12 MONTHS IS BELOW THE POVERTY LEVEL - 65 years and over - Unrelated individuals 15 years and over"
"DCP_Boro","PUMA_ID","CD_Label","CD_Name","FamBwPvE","FamBwPvM","FamBwPvP","FamBwPvZ","FCU18BwPvE","FCU18BwPvM","FCU18BwPvP","FCU18BwPvZ","FCU5BwPvE","FCU5BwPvM","FCU5BwPvP","FCU5BwPvZ","FMcBwPvE","FMcBwPvM","FMcBwPvP","FMcBwPvZ","FMc18BwPvE","FMc18BwPvM","FMc18BwPvP","FMc18BwPvZ","FMc5BwPvE","FMc5BwPvM","FMc5BwPvP","FMc5BwPvZ","FNHBwPvE","FNHBwPvM","FNHBwPvP","FNHBwPvZ","FNH18BwPvE","FNH18BwPvM","FNH18BwPvP","FNH18BwPvZ","FNH5BwPvE","FNH5BwPvM","FNH5BwPvP","FNH5BwPvZ","PBwPvE","PBwPvM","PBwPvP","PBwPvZ","PU18BwPvE","PU18BwPvM","PU18BwPvP","PU18BwPvZ","PU18cBwPvE","PU18cBwPvM","PU18cBwPvP","PU18cBwPvZ","PU5cBwPvE","PU5cBwPvM","PU5cBwPvP","PU5cBwPvZ","PU517BwPvE","PU517BwPvM","PU517BwPvP","PU517BwPvZ","P18pBwPvE","P18pBwPvM","P18pBwPvP","P18pBwPvZ","P1864BwPvE","P1864BwPvM","P1864BwPvP","P1864BwPvZ","P65plBwPvE","P65plBwPvM","P65plBwPvP","P65plBwPvZ","P65pFBwPvE","P65pFBwPvM","P65pFBwPvP","P65pFBwPvZ","P6515BwPvE","P6515BwPvM","P6515BwPvP","P6515BwPvZ"
"2","3701","8","Riverdale, Fieldston & Kingsbridge","(X)","(X)",13.7,2.1,"(X)","(X)",20.9,3.6,"(X)","(X)",7.5,4.8,"(X)","(X)",6.1,1.9,"(X)","(X)",8.3,3.4,"(X)","(X)",5,4.1,"(X)","(X)",25.4,4.6,"(X)","(X)",34.9,6.8,"(X)","(X)",12.9,12.2,"(X)","(X)",17.3,2.2,"(X)","(X)",25.8,4.7,"(X)","(X)",25.8,4.7,"(X)","(X)",23.8,6.2,"(X)","(X)",26.9,5.2,"(X)","(X)",15,1.8,"(X)","(X)",15.4,2.1,"(X)","(X)",13.3,2.7,"(X)","(X)",16,2.7,"(X)","(X)",22,2.8
"2","3702","12","Wakefield, Williamsbridge & Woodlawn","(X)","(X)",18.7,2.1,"(X)","(X)",25,2.8,"(X)","(X)",19.2,6.3,"(X)","(X)",7.9,1.8,"(X)","(X)",8.9,2.7,"(X)","(X)",1.8,2,"(X)","(X)",29.5,3.6,"(X)","(X)",37.8,5,"(X)","(X)",30.1,11,"(X)","(X)",20.3,1.8,"(X)","(X)",30.9,3.5,"(X)","(X)",30.7,3.5,"(X)","(X)",30,5.4,"(X)","(X)",30.9,4,"(X)","(X)",16.8,1.5,"(X)","(X)",17.2,1.6,"(X)","(X)",14.5,2.7,"(X)","(X)",18.6,2.1,"(X)","(X)",30.8,3.1
"2","3703","10","Co-op City, Pelham Bay & Schuylerville","(X)","(X)",9.8,1.9,"(X)","(X)",11.6,2.9,"(X)","(X)",13.9,7.6,"(X)","(X)",4.7,1.6,"(X)","(X)",3.9,2.4,"(X)","(X)",0,4.2,"(X)","(X)",21,5.1,"(X)","(X)",23.2,6.9,"(X)","(X)",42.3,26.1,"(X)","(X)",12.1,2,"(X)","(X)",15.3,4.8,"(X)","(X)",15.1,4.8,"(X)","(X)",17.3,7.1,"(X)","(X)",14.4,5.1,"(X)","(X)",11.2,1.7,"(X)","(X)",10.6,2.1,"(X)","(X)",13.5,2.9,"(X)","(X)",9.8,2.3,"(X)","(X)",22.4,3.7
"2","3704","11","Pelham Parkway, Morris Park & Laconia","(X)","(X)",17.1,1.8,"(X)","(X)",25.1,3.1,"(X)","(X)",20.9,6.7,"(X)","(X)",10.1,2,"(X)","(X)",14,3.4,"(X)","(X)",9,5.9,"(X)","(X)",26.9,3.5,"(X)","(X)",37.1,4.7,"(X)","(X)",36.9,12.2,"(X)","(X)",19.9,1.8,"(X)","(X)",28.8,3.8,"(X)","(X)",28.6,3.8,"(X)","(X)",28.6,5.5,"(X)","(X)",28.6,4.2,"(X)","(X)",17.2,1.4,"(X)","(X)",17.4,1.7,"(X)","(X)",16.5,2.8,"(X)","(X)",17.8,2,"(X)","(X)",29.9,3.1
"2","3705","3 & 6","Belmont, Crotona Park East & East Tremont","(X)","(X)",41.2,2.4,"(X)","(X)",48.5,2.9,"(X)","(X)",35.9,7.6,"(X)","(X)",24,3.9,"(X)","(X)",26.8,4.9,"(X)","(X)",15.8,8.8,"(X)","(X)",52.5,3.2,"(X)","(X)",58.5,3.6,"(X)","(X)",53.1,9.7,"(X)","(X)",43.5,2.1,"(X)","(X)",53.7,3.2,"(X)","(X)",53.5,3.2,"(X)","(X)",55.1,4.5,"(X)","(X)",52.9,3.4,"(X)","(X)",39,2.2,"(X)","(X)",39,2.2,"(X)","(X)",39.7,4.3,"(X)","(X)",41.4,2.5,"(X)","(X)",52.7,2.3
"2","3706","7","Bedford Park, Fordham North & Norwood","(X)","(X)",31,2.7,"(X)","(X)",38.4,3,"(X)","(X)",33,8.2,"(X)","(X)",20.4,3.4,"(X)","(X)",24.1,4.5,"(X)","(X)",25.4,10.4,"(X)","(X)",42,3.7,"(X)","(X)",50.7,4.6,"(X)","(X)",46.7,12.2,"(X)","(X)",31.9,2.4,"(X)","(X)",42.8,3.6,"(X)","(X)",42.5,3.6,"(X)","(X)",36.9,5.4,"(X)","(X)",45.3,4.5,"(X)","(X)",27.9,2.4,"(X)","(X)",27.7,2.6,"(X)","(X)",29.1,4,"(X)","(X)",31,2.8,"(X)","(X)",35.7,3.2
"2","3707","5","Morris Heights, Fordham South & Mount Hope","(X)","(X)",39.6,2.4,"(X)","(X)",50.2,3.5,"(X)","(X)",37.8,8,"(X)","(X)",25.6,3.8,"(X)","(X)",32,4.4,"(X)","(X)",15,9.3,"(X)","(X)",51.6,3.4,"(X)","(X)",62,4.4,"(X)","(X)",59.5,9.3,"(X)","(X)",41.9,2.5,"(X)","(X)",55.9,4.1,"(X)","(X)",55.7,4.1,"(X)","(X)",55.7,6.3,"(X)","(X)",55.8,4.2,"(X)","(X)",36.8,2.2,"(X)","(X)",37.1,2.3,"(X)","(X)",34.3,4.2,"(X)","(X)",40.4,2.8,"(X)","(X)",48.5,3.6
"2","3708","4","Concourse, Highbridge & Mount Eden","(X)","(X)",36.2,3.1,"(X)","(X)",43.5,3.8,"(X)","(X)",34.5,8.1,"(X)","(X)",24.7,4.6,"(X)","(X)",29.2,5.9,"(X)","(X)",31.8,17,"(X)","(X)",46.3,3.7,"(X)","(X)",53.8,4.3,"(X)","(X)",45.4,12.9,"(X)","(X)",38.9,2.9,"(X)","(X)",50,4.7,"(X)","(X)",49.9,4.7,"(X)","(X)",48.3,6.4,"(X)","(X)",50.5,5.1,"(X)","(X)",34.5,2.5,"(X)","(X)",34.1,2.6,"(X)","(X)",37.8,4.6,"(X)","(X)",37.5,3.5,"(X)","(X)",45.5,3
"2","3709","9","Castle Hill, Clason Point & Parkchester","(X)","(X)",26.1,2.2,"(X)","(X)",35.3,3.4,"(X)","(X)",23,6.5,"(X)","(X)",14.2,2.4,"(X)","(X)",18.2,3.6,"(X)","(X)",18.9,9.2,"(X)","(X)",37.8,3.2,"(X)","(X)",46.7,4.5,"(X)","(X)",30.4,11.6,"(X)","(X)",29,2.2,"(X)","(X)",40.9,4.2,"(X)","(X)",40.9,4.2,"(X)","(X)",39.1,5.5,"(X)","(X)",41.6,4.5,"(X)","(X)",25,1.8,"(X)","(X)",25.1,1.9,"(X)","(X)",24.7,2.9,"(X)","(X)",27.3,2.6,"(X)","(X)",37.4,3.2
"2","3710","1 & 2","Hunts Point, Longwood & Melrose","(X)","(X)",41.2,2.8,"(X)","(X)",49.4,3.1,"(X)","(X)",45,7.3,"(X)","(X)",25.3,4.2,"(X)","(X)",27.8,5.2,"(X)","(X)",20.5,10.2,"(X)","(X)",51.1,3.3,"(X)","(X)",59,3.5,"(X)","(X)",56.8,9.5,"(X)","(X)",43.2,2.6,"(X)","(X)",54.8,3.5,"(X)","(X)",54.6,3.5,"(X)","(X)",54.7,5.3,"(X)","(X)",54.5,3.5,"(X)","(X)",38.1,2.4,"(X)","(X)",37.7,2.6,"(X)","(X)",40.6,3.9,"(X)","(X)",42.1,3.1,"(X)","(X)",48,3
"1","3801","12","Washington Heights, Inwood & Marble Hill","(X)","(X)",24.2,2.2,"(X)","(X)",32.2,3.3,"(X)","(X)",17.6,5,"(X)","(X)",14,2.5,"(X)","(X)",16.2,4,"(X)","(X)",10,7.2,"(X)","(X)",36.7,3.7,"(X)","(X)",47.7,5.5,"(X)","(X)",38.3,12.4,"(X)","(X)",26.7,1.9,"(X)","(X)",37,3.8,"(X)","(X)",36.5,3.8,"(X)","(X)",32.8,5.6,"(X)","(X)",38.5,4.5,"(X)","(X)",24.5,1.8,"(X)","(X)",24.2,2,"(X)","(X)",26,2.9,"(X)","(X)",24.4,2.4,"(X)","(X)",33.5,2.3
"1","3802","9","Hamilton Heights, Manhattanville & West Harlem","(X)","(X)",22,2.7,"(X)","(X)",30.2,4.6,"(X)","(X)",28.7,10.2,"(X)","(X)",9.7,3,"(X)","(X)",9.7,4.4,"(X)","(X)",10.7,12.5,"(X)","(X)",36.2,4.8,"(X)","(X)",47,7.4,"(X)","(X)",43,18.6,"(X)","(X)",27.6,2.3,"(X)","(X)",35.3,5.6,"(X)","(X)",35.3,5.6,"(X)","(X)",39.3,9,"(X)","(X)",33.6,5.6,"(X)","(X)",26.1,2.4,"(X)","(X)",25.8,2.5,"(X)","(X)",27.8,3.7,"(X)","(X)",23.5,3.1,"(X)","(X)",35.7,3.3
"1","3803","10","Central Harlem","(X)","(X)",25.6,3,"(X)","(X)",32.9,4.2,"(X)","(X)",32.6,9.8,"(X)","(X)",11.1,3.4,"(X)","(X)",13.3,5.2,"(X)","(X)",9.6,8.8,"(X)","(X)",35.8,4.5,"(X)","(X)",45.2,5.7,"(X)","(X)",53.6,13.8,"(X)","(X)",28.9,2.5,"(X)","(X)",37.6,5.2,"(X)","(X)",37.2,5.1,"(X)","(X)",40.3,7.7,"(X)","(X)",35.8,5.4,"(X)","(X)",26.4,2.2,"(X)","(X)",26.2,2.3,"(X)","(X)",27.8,3.8,"(X)","(X)",26.8,3.2,"(X)","(X)",33.9,2.6
"1","3804","11","East Harlem","(X)","(X)",26.7,2.8,"(X)","(X)",34.8,4.2,"(X)","(X)",21.5,8.5,"(X)","(X)",13.6,3.1,"(X)","(X)",14.8,4.7,"(X)","(X)",5.1,5.7,"(X)","(X)",39,4.2,"(X)","(X)",46.5,6,"(X)","(X)",42,17,"(X)","(X)",31,2.4,"(X)","(X)",42.2,5.1,"(X)","(X)",42,5.2,"(X)","(X)",45.1,6.9,"(X)","(X)",40.8,5.6,"(X)","(X)",27.9,2.2,"(X)","(X)",26.8,2.3,"(X)","(X)",34.3,4.3,"(X)","(X)",28.3,3.1,"(X)","(X)",38.2,3.2
"1","3805","8","Upper East Side","(X)","(X)",3.8,1.1,"(X)","(X)",3.4,1.4,"(X)","(X)",0,1,"(X)","(X)",2.4,1,"(X)","(X)",2,1.4,"(X)","(X)",0,1.1,"(X)","(X)",12,5.1,"(X)","(X)",9.9,6.2,"(X)","(X)",0,8.1,"(X)","(X)",7,1,"(X)","(X)",4.3,2.1,"(X)","(X)",4.3,2.1,"(X)","(X)",3.5,2.6,"(X)","(X)",4.8,2.1,"(X)","(X)",7.4,1,"(X)","(X)",7.1,1.1,"(X)","(X)",8.3,2.6,"(X)","(X)",4,1.1,"(X)","(X)",11.3,1.5
"1","3806","7","Upper West Side & West Side","(X)","(X)",7.4,1.9,"(X)","(X)",9.3,3.5,"(X)","(X)",1.2,1.4,"(X)","(X)",2.8,1.1,"(X)","(X)",2.5,1.9,"(X)","(X)",0.8,1.3,"(X)","(X)",29,7.8,"(X)","(X)",39.8,14.2,"(X)","(X)",6,9.4,"(X)","(X)",11.2,1.4,"(X)","(X)",12.5,5.3,"(X)","(X)",12.4,5.3,"(X)","(X)",5.7,3.8,"(X)","(X)",17,6.7,"(X)","(X)",11,1.1,"(X)","(X)",10.8,1.3,"(X)","(X)",11.6,2.1,"(X)","(X)",8.9,2.3,"(X)","(X)",14.7,1.7
"1","3807","4 & 5","Chelsea, Clinton & Midtown Business Distric","(X)","(X)",7.3,2.2,"(X)","(X)",14,5,"(X)","(X)",5.8,5.6,"(X)","(X)",4,1.9,"(X)","(X)",6.8,5.2,"(X)","(X)",2.3,2.6,"(X)","(X)",20.7,8.4,"(X)","(X)",34.6,14.9,"(X)","(X)",26.7,29.7,"(X)","(X)",12.7,1.6,"(X)","(X)",20.9,11.6,"(X)","(X)",20.7,11.7,"(X)","(X)",10.8,6.2,"(X)","(X)",27.5,16.6,"(X)","(X)",11.9,1.1,"(X)","(X)",11.5,1.1,"(X)","(X)",14.3,2.4,"(X)","(X)",9.8,3.8,"(X)","(X)",14.6,1.4
"1","3808","6","Murray Hill, Gramercy & Stuyvesant Town","(X)","(X)",4.7,1.5,"(X)","(X)",5.4,3.3,"(X)","(X)",1.6,2.7,"(X)","(X)",2.1,1.1,"(X)","(X)",1,1.5,"(X)","(X)",0,1.8,"(X)","(X)",19.2,7.7,"(X)","(X)",22.4,18.3,"(X)","(X)",32.5,43.6,"(X)","(X)",10.3,1.5,"(X)","(X)",4.7,3.2,"(X)","(X)",4.7,3.2,"(X)","(X)",1,1.8,"(X)","(X)",8.5,6.5,"(X)","(X)",10.7,1.6,"(X)","(X)",11.4,1.9,"(X)","(X)",7.5,2.2,"(X)","(X)",4.6,1.4,"(X)","(X)",14.3,2.4
"1","3809","3","Chinatown & Lower East Side","(X)","(X)",26.8,2.6,"(X)","(X)",34.8,4.4,"(X)","(X)",18,9.3,"(X)","(X)",23.4,2.9,"(X)","(X)",23.7,4.9,"(X)","(X)",8.5,9.4,"(X)","(X)",35.6,5.7,"(X)","(X)",50.7,8.6,"(X)","(X)",47,21.3,"(X)","(X)",27.7,2.1,"(X)","(X)",39.3,5.1,"(X)","(X)",39,5.1,"(X)","(X)",30.2,8.6,"(X)","(X)",42.2,6.1,"(X)","(X)",26,2,"(X)","(X)",24.2,2,"(X)","(X)",34.7,4.7,"(X)","(X)",28.4,3.1,"(X)","(X)",26.7,2.1
"1","3810","1 & 2","Battery Park City, Greenwich Village & Soho","(X)","(X)",4.6,1.3,"(X)","(X)",5.1,1.9,"(X)","(X)",2.4,2.8,"(X)","(X)",3.2,1.2,"(X)","(X)",2.4,1.6,"(X)","(X)",0.8,1.3,"(X)","(X)",15.4,7.9,"(X)","(X)",18.4,10.7,"(X)","(X)",18.6,27.1,"(X)","(X)",7.5,1,"(X)","(X)",5.3,2.2,"(X)","(X)",4.5,2,"(X)","(X)",2.3,2.3,"(X)","(X)",6,3,"(X)","(X)",7.8,1,"(X)","(X)",7.1,0.9,"(X)","(X)",12.7,3.2,"(X)","(X)",4.2,1.3,"(X)","(X)",10.8,1.3
"5","3901","3","Tottenville, Great Kills & Annadale","(X)","(X)",5,1.1,"(X)","(X)",6.5,2,"(X)","(X)",8.1,4.3,"(X)","(X)",2.7,0.8,"(X)","(X)",2.8,1.2,"(X)","(X)",4.4,3.7,"(X)","(X)",14.9,4.9,"(X)","(X)",22.5,8,"(X)","(X)",21.9,22.8,"(X)","(X)",6.2,1.1,"(X)","(X)",6.7,2.4,"(X)","(X)",6.4,2.4,"(X)","(X)",7.2,4.3,"(X)","(X)",6.1,2.3,"(X)","(X)",6.1,1,"(X)","(X)",5.7,1.1,"(X)","(X)",7.6,1.6,"(X)","(X)",4.7,1.2,"(X)","(X)",19.5,2.8
"5","3902","2","New Springville & South Beach","(X)","(X)",7.4,1.6,"(X)","(X)",10,3,"(X)","(X)",12.9,6.8,"(X)","(X)",4,1.3,"(X)","(X)",3.9,2,"(X)","(X)",2.7,2.5,"(X)","(X)",24,5.7,"(X)","(X)",36.2,9.4,"(X)","(X)",58.4,19.8,"(X)","(X)",9.2,1.5,"(X)","(X)",10.3,3.1,"(X)","(X)",9.9,3,"(X)","(X)",10.5,4.2,"(X)","(X)",9.6,3.3,"(X)","(X)",9,1.3,"(X)","(X)",9.1,1.5,"(X)","(X)",8.3,2.4,"(X)","(X)",7.2,1.6,"(X)","(X)",23.3,3.6
"5","3903","1","Port Richmond, Stapleton & Mariner's Harbor","(X)","(X)",16.1,1.8,"(X)","(X)",22.5,2.8,"(X)","(X)",19.4,6.4,"(X)","(X)",7.7,1.3,"(X)","(X)",10.3,2.1,"(X)","(X)",9.2,5,"(X)","(X)",33.4,4.6,"(X)","(X)",41.7,5.9,"(X)","(X)",37.1,14.7,"(X)","(X)",19.8,1.9,"(X)","(X)",29,3.8,"(X)","(X)",28.8,3.9,"(X)","(X)",31.2,6.3,"(X)","(X)",27.8,3.6,"(X)","(X)",16.6,1.5,"(X)","(X)",16.9,1.7,"(X)","(X)",14.2,2.5,"(X)","(X)",17.8,2.1,"(X)","(X)",31.1,2.5
"3","4001","1","Greenpoint & Williamsburg","(X)","(X)",26.6,2.5,"(X)","(X)",41,3.8,"(X)","(X)",36.1,6.7,"(X)","(X)",24.2,2.6,"(X)","(X)",38.9,4.1,"(X)","(X)",33.7,7.2,"(X)","(X)",33.9,4.8,"(X)","(X)",47.8,8.1,"(X)","(X)",43.8,19.1,"(X)","(X)",29.6,2.2,"(X)","(X)",51.9,4.7,"(X)","(X)",51.8,4.7,"(X)","(X)",53.4,4.9,"(X)","(X)",50.9,5.7,"(X)","(X)",23.6,1.7,"(X)","(X)",22.8,1.8,"(X)","(X)",30.1,3.5,"(X)","(X)",34.6,3.1,"(X)","(X)",20.3,1.8
"3","4002","4","Bushwick","(X)","(X)",27.5,2.2,"(X)","(X)",35,3.2,"(X)","(X)",26.4,7.6,"(X)","(X)",17.7,3.2,"(X)","(X)",22.7,4.7,"(X)","(X)",19.3,10,"(X)","(X)",37.6,4,"(X)","(X)",46.1,5.2,"(X)","(X)",31.9,12.2,"(X)","(X)",30.4,2,"(X)","(X)",42.1,3.7,"(X)","(X)",41.7,3.7,"(X)","(X)",42,5.6,"(X)","(X)",41.5,4,"(X)","(X)",26.8,1.9,"(X)","(X)",26,1.9,"(X)","(X)",33.7,5,"(X)","(X)",28.4,2.4,"(X)","(X)",36.2,2.7
"3","4003","3","Bedford-Stuyvesant","(X)","(X)",29.1,2,"(X)","(X)",38.8,2.8,"(X)","(X)",29.9,7,"(X)","(X)",21.3,2.9,"(X)","(X)",31.5,4.4,"(X)","(X)",23.1,8.4,"(X)","(X)",38,3.6,"(X)","(X)",46.6,4.8,"(X)","(X)",38.3,11.2,"(X)","(X)",33.4,1.8,"(X)","(X)",48.3,3.6,"(X)","(X)",48.2,3.6,"(X)","(X)",48.8,4.7,"(X)","(X)",47.9,3.7,"(X)","(X)",27.7,1.6,"(X)","(X)",27.2,1.6,"(X)","(X)",31.4,3.2,"(X)","(X)",33.5,2.4,"(X)","(X)",33.2,2.3
"3","4004","2","Brooklyn Heights & Fort Greene","(X)","(X)",15.3,1.6,"(X)","(X)",23.7,3.3,"(X)","(X)",13.3,4.6,"(X)","(X)",6.7,1.5,"(X)","(X)",11,3,"(X)","(X)",2.5,1.8,"(X)","(X)",34.5,4.2,"(X)","(X)",43.2,6.5,"(X)","(X)",44.7,14.3,"(X)","(X)",20.4,1.7,"(X)","(X)",30.3,5,"(X)","(X)",30.1,4.9,"(X)","(X)",23.7,5.2,"(X)","(X)",34.4,5.8,"(X)","(X)",18.3,1.4,"(X)","(X)",18.4,1.6,"(X)","(X)",18.2,3.2,"(X)","(X)",18.1,2.3,"(X)","(X)",24.3,1.8
"3","4005","6","Park Slope, Carroll Gardens & Red Hook","(X)","(X)",8,1.7,"(X)","(X)",9.3,2.4,"(X)","(X)",2.3,2.1,"(X)","(X)",3.5,1.3,"(X)","(X)",2.2,1.3,"(X)","(X)",0,1.5,"(X)","(X)",23.1,6.6,"(X)","(X)",30.1,8.3,"(X)","(X)",16.3,15.9,"(X)","(X)",10.5,1.3,"(X)","(X)",11.5,3.5,"(X)","(X)",11.5,3.5,"(X)","(X)",4.7,2.1,"(X)","(X)",15.9,5,"(X)","(X)",10.3,1.1,"(X)","(X)",9.3,1.2,"(X)","(X)",18.6,3.8,"(X)","(X)",8.6,1.9,"(X)","(X)",14.8,1.7
"3","4006","8","Crown Heights North & Prospect Heights","(X)","(X)",25.7,2.6,"(X)","(X)",33.7,3.9,"(X)","(X)",35.9,8.5,"(X)","(X)",11.9,2.9,"(X)","(X)",16.1,5.1,"(X)","(X)",16.3,10.2,"(X)","(X)",38.3,4,"(X)","(X)",45.9,5.5,"(X)","(X)",55.8,14.1,"(X)","(X)",26.9,2,"(X)","(X)",37.7,4.2,"(X)","(X)",37.2,4.2,"(X)","(X)",39,6.8,"(X)","(X)",36.3,4.7,"(X)","(X)",24.1,1.6,"(X)","(X)",23.1,1.7,"(X)","(X)",30.2,4.3,"(X)","(X)",26.8,2.8,"(X)","(X)",27.1,2.3
"3","4007","16","Brownsville & Ocean Hill","(X)","(X)",34.9,2.2,"(X)","(X)",43,2.7,"(X)","(X)",37.1,7.2,"(X)","(X)",15,3.2,"(X)","(X)",19.5,4.7,"(X)","(X)",11,9.9,"(X)","(X)",44.5,3.1,"(X)","(X)",51.6,3.4,"(X)","(X)",47.6,10.1,"(X)","(X)",36.7,2,"(X)","(X)",50.5,3.1,"(X)","(X)",50.3,3.1,"(X)","(X)",52,4.6,"(X)","(X)",49.5,3.4,"(X)","(X)",30.9,1.8,"(X)","(X)",30.9,2,"(X)","(X)",31.1,3.6,"(X)","(X)",35.5,2.3,"(X)","(X)",42.1,3.4
"3","4008","5","East New York & Starrett City","(X)","(X)",28.8,2.2,"(X)","(X)",35,2.8,"(X)","(X)",26.5,6.9,"(X)","(X)",19.4,3,"(X)","(X)",22.6,4.3,"(X)","(X)",19,8.8,"(X)","(X)",38.1,3.6,"(X)","(X)",45,4.1,"(X)","(X)",30.2,12.1,"(X)","(X)",31.5,2.1,"(X)","(X)",39.2,3.1,"(X)","(X)",39,3.1,"(X)","(X)",39.5,5.3,"(X)","(X)",38.8,3.4,"(X)","(X)",28.6,2,"(X)","(X)",28.1,2.1,"(X)","(X)",31.6,4,"(X)","(X)",29.9,2.4,"(X)","(X)",40.8,2.9
"3","4009","18","Canarsie & Flatlands","(X)","(X)",9.9,0.9,"(X)","(X)",14.7,1.6,"(X)","(X)",10.2,4,"(X)","(X)",5.4,1,"(X)","(X)",7.9,1.7,"(X)","(X)",3.9,3.1,"(X)","(X)",16.3,1.9,"(X)","(X)",22.1,3,"(X)","(X)",19.1,8.1,"(X)","(X)",12.4,1.1,"(X)","(X)",18,2.2,"(X)","(X)",17.8,2.3,"(X)","(X)",18.5,3.9,"(X)","(X)",17.6,2.2,"(X)","(X)",10.8,1,"(X)","(X)",10.5,1,"(X)","(X)",12.2,1.6,"(X)","(X)",10.6,1.2,"(X)","(X)",26.4,2.4
"3","4010","17","East Flatbush, Farragut & Rugby","(X)","(X)",14.8,1.5,"(X)","(X)",20.8,2.2,"(X)","(X)",16.3,6.1,"(X)","(X)",7.8,1.8,"(X)","(X)",10.5,3.1,"(X)","(X)",8.7,6.5,"(X)","(X)",21.3,2.8,"(X)","(X)",28.4,4,"(X)","(X)",25.2,10.5,"(X)","(X)",17.7,1.5,"(X)","(X)",24.3,2.9,"(X)","(X)",24.1,3,"(X)","(X)",24.8,5.6,"(X)","(X)",23.8,3.2,"(X)","(X)",15.8,1.3,"(X)","(X)",16,1.4,"(X)","(X)",14.9,2.5,"(X)","(X)",14.7,1.6,"(X)","(X)",33,3
"3","4011","9","Crown Heights South, Prospect Lefferts & Wingate","(X)","(X)",18.2,2.3,"(X)","(X)",23.4,3.5,"(X)","(X)",23,7.3,"(X)","(X)",9.8,3,"(X)","(X)",12.7,4.1,"(X)","(X)",14.8,7,"(X)","(X)",26.3,3.8,"(X)","(X)",33.8,5.6,"(X)","(X)",33.1,13.6,"(X)","(X)",21.6,2.2,"(X)","(X)",26.9,4.4,"(X)","(X)",26.6,4.4,"(X)","(X)",27,5.9,"(X)","(X)",26.4,4.8,"(X)","(X)",19.9,1.8,"(X)","(X)",20.1,2.2,"(X)","(X)",19.3,3.1,"(X)","(X)",18.5,2.7,"(X)","(X)",33.4,3.3
"3","4012","7","Sunset Park & Windsor Terrace","(X)","(X)",26,1.9,"(X)","(X)",35,2.9,"(X)","(X)",26,6.3,"(X)","(X)",21.5,2.2,"(X)","(X)",28,3.4,"(X)","(X)",13.3,5.5,"(X)","(X)",37,4.3,"(X)","(X)",47.4,5.8,"(X)","(X)",51.1,14.7,"(X)","(X)",28.7,1.8,"(X)","(X)",40.9,3.5,"(X)","(X)",40.6,3.4,"(X)","(X)",39.9,5.1,"(X)","(X)",41,3.9,"(X)","(X)",24.8,1.5,"(X)","(X)",24.4,1.6,"(X)","(X)",28.3,3.7,"(X)","(X)",27.5,2,"(X)","(X)",33.7,2.7
"3","4013","10","Bay Ridge & Dyker Heights","(X)","(X)",13.2,1.5,"(X)","(X)",16.3,2.1,"(X)","(X)",11.5,3.8,"(X)","(X)",12,1.7,"(X)","(X)",13.8,2.5,"(X)","(X)",10.4,4.5,"(X)","(X)",18.3,3.6,"(X)","(X)",26.8,7.1,"(X)","(X)",21.6,15.3,"(X)","(X)",15.7,1.5,"(X)","(X)",19.2,2.8,"(X)","(X)",18.9,2.7,"(X)","(X)",16.1,3.3,"(X)","(X)",20.2,3.6,"(X)","(X)",14.7,1.4,"(X)","(X)",14.7,1.6,"(X)","(X)",14.8,2.4,"(X)","(X)",14.6,1.8,"(X)","(X)",20.1,2.3
"3","4014","12","Borough Park, Kensington & Ocean Parkway","(X)","(X)",27.8,1.7,"(X)","(X)",38.6,2.4,"(X)","(X)",45,6,"(X)","(X)",28.6,1.9,"(X)","(X)",38.7,2.6,"(X)","(X)",45.4,6.1,"(X)","(X)",25.7,5.7,"(X)","(X)",39.2,9.3,"(X)","(X)",32.4,26.1,"(X)","(X)",32.3,1.8,"(X)","(X)",44.3,2.9,"(X)","(X)",44.2,2.9,"(X)","(X)",47.2,4,"(X)","(X)",42.7,3.1,"(X)","(X)",25.9,1.7,"(X)","(X)",27,1.8,"(X)","(X)",20.4,2.9,"(X)","(X)",32.7,2,"(X)","(X)",29.9,3.3
"3","4015","14","Flatbush & Midwood","(X)","(X)",17.6,2.1,"(X)","(X)",21.6,3,"(X)","(X)",13.9,6.6,"(X)","(X)",14.7,2.2,"(X)","(X)",18.7,3.5,"(X)","(X)",13.9,7.5,"(X)","(X)",24.7,3.7,"(X)","(X)",27.3,4.7,"(X)","(X)",12.4,9.8,"(X)","(X)",21.4,2,"(X)","(X)",27.5,4,"(X)","(X)",27.4,4,"(X)","(X)",26.2,4.9,"(X)","(X)",28,4.4,"(X)","(X)",19.4,1.6,"(X)","(X)",18.4,1.8,"(X)","(X)",25.1,2.5,"(X)","(X)",18.9,2.4,"(X)","(X)",32.1,2.4
"3","4016","15","Sheepshead Bay, Gerritsen Beach & Homecrest","(X)","(X)",13.8,1.6,"(X)","(X)",19.1,3.1,"(X)","(X)",20.5,6.8,"(X)","(X)",11,1.7,"(X)","(X)",13.9,3,"(X)","(X)",14.5,6.4,"(X)","(X)",25.5,5.5,"(X)","(X)",38.5,9.4,"(X)","(X)",39.5,23.9,"(X)","(X)",16.6,1.6,"(X)","(X)",21.2,3.6,"(X)","(X)",21,3.7,"(X)","(X)",24.6,5.4,"(X)","(X)",19.6,3.8,"(X)","(X)",15.3,1.3,"(X)","(X)",13.8,1.4,"(X)","(X)",20.9,2.4,"(X)","(X)",14.1,1.8,"(X)","(X)",30,2.4
"3","4017","11","Bensonhurst & Bath Beach","(X)","(X)",15.5,1.6,"(X)","(X)",20.9,2.5,"(X)","(X)",17.3,5,"(X)","(X)",14.7,1.7,"(X)","(X)",17.9,2.4,"(X)","(X)",12.4,4.7,"(X)","(X)",20.8,3.9,"(X)","(X)",36.9,7.5,"(X)","(X)",55.5,19.1,"(X)","(X)",18,1.6,"(X)","(X)",25.2,3.1,"(X)","(X)",25.1,3.1,"(X)","(X)",22.5,4.2,"(X)","(X)",26.1,3.6,"(X)","(X)",16.2,1.3,"(X)","(X)",15.2,1.4,"(X)","(X)",20.7,2.2,"(X)","(X)",16.1,1.7,"(X)","(X)",29.3,2.9
"3","4018","13","Brighton Beach & Coney Island","(X)","(X)",19.6,2.2,"(X)","(X)",26.5,3.9,"(X)","(X)",24.5,9.4,"(X)","(X)",16.3,2.4,"(X)","(X)",19.1,4,"(X)","(X)",21.3,11.3,"(X)","(X)",28.5,5.1,"(X)","(X)",44.2,8.2,"(X)","(X)",30.8,19.1,"(X)","(X)",26.5,2,"(X)","(X)",31.1,5,"(X)","(X)",30.8,5,"(X)","(X)",32.5,7.3,"(X)","(X)",30.1,5.7,"(X)","(X)",25.6,1.8,"(X)","(X)",20.6,2.3,"(X)","(X)",38.4,3.4,"(X)","(X)",20.1,2.4,"(X)","(X)",48.1,3.4
"4","4101","1","Astoria & Long Island City","(X)","(X)",15.5,1.8,"(X)","(X)",22.7,3.4,"(X)","(X)",10.5,4.7,"(X)","(X)",10.2,1.9,"(X)","(X)",14.7,3.6,"(X)","(X)",6.3,4,"(X)","(X)",29.7,4.3,"(X)","(X)",39.5,6.4,"(X)","(X)",23.1,11.1,"(X)","(X)",18.7,1.6,"(X)","(X)",26.9,4.3,"(X)","(X)",26.8,4.3,"(X)","(X)",20.7,5.9,"(X)","(X)",29.5,4.6,"(X)","(X)",17.2,1.2,"(X)","(X)",17,1.3,"(X)","(X)",18.3,2.7,"(X)","(X)",16.6,2.3,"(X)","(X)",22.7,1.7
"4","4102","3","Jackson Heights & North Corona","(X)","(X)",18.3,1.9,"(X)","(X)",25.7,2.9,"(X)","(X)",15.4,5,"(X)","(X)",16.1,2.5,"(X)","(X)",21.1,3.9,"(X)","(X)",13.4,6.8,"(X)","(X)",26.8,4.4,"(X)","(X)",38.9,7.1,"(X)","(X)",32.5,16.2,"(X)","(X)",22,1.6,"(X)","(X)",30.2,3.8,"(X)","(X)",29.9,3.8,"(X)","(X)",27.8,5.3,"(X)","(X)",30.8,4.3,"(X)","(X)",19.9,1.5,"(X)","(X)",20.1,1.6,"(X)","(X)",18.3,3.1,"(X)","(X)",19,2,"(X)","(X)",31.9,2
"4","4103","7","Flushing, Murray Hill & Whitestone","(X)","(X)",12.6,1.2,"(X)","(X)",16.5,2.2,"(X)","(X)",11.2,4.6,"(X)","(X)",11.9,1.5,"(X)","(X)",14.5,2.6,"(X)","(X)",12,5.7,"(X)","(X)",17.5,3.7,"(X)","(X)",27.7,6.9,"(X)","(X)",12,9.7,"(X)","(X)",15.2,1.1,"(X)","(X)",18.1,2.8,"(X)","(X)",17.8,2.8,"(X)","(X)",12.9,4.2,"(X)","(X)",19.9,3.7,"(X)","(X)",14.6,1.1,"(X)","(X)",14.4,1.3,"(X)","(X)",15.3,1.9,"(X)","(X)",12.7,1.3,"(X)","(X)",28.1,2.4
"4","4104","11","Bayside, Douglaston & Little Neck","(X)","(X)",6.7,1.3,"(X)","(X)",8.8,2.5,"(X)","(X)",5.4,4,"(X)","(X)",5.9,1.5,"(X)","(X)",7.7,2.9,"(X)","(X)",3.3,3.4,"(X)","(X)",9.3,3.6,"(X)","(X)",11.9,5.9,"(X)","(X)",8,10.4,"(X)","(X)",8.5,1.4,"(X)","(X)",9.6,3,"(X)","(X)",9.5,3,"(X)","(X)",8.3,4.5,"(X)","(X)",9.9,3.2,"(X)","(X)",8.2,1.2,"(X)","(X)",8.3,1.4,"(X)","(X)",7.6,1.8,"(X)","(X)",7,1.6,"(X)","(X)",17.5,3
"4","4105","13","Queens Village, Cambria Heights & Rosedale","(X)","(X)",7.6,1,"(X)","(X)",11.4,1.7,"(X)","(X)",4.4,2.2,"(X)","(X)",4.7,0.9,"(X)","(X)",6.3,1.7,"(X)","(X)",1.9,2,"(X)","(X)",13.8,2.5,"(X)","(X)",22.2,4.4,"(X)","(X)",9.2,5.3,"(X)","(X)",9.6,1.1,"(X)","(X)",14.8,2.6,"(X)","(X)",14.4,2.6,"(X)","(X)",13.1,3.8,"(X)","(X)",15,2.7,"(X)","(X)",8.3,0.9,"(X)","(X)",8.4,0.9,"(X)","(X)",7.5,1.3,"(X)","(X)",7.8,1.2,"(X)","(X)",23,2.7
"4","4106","8","Briarwood, Fresh Meadows & Hillcrest","(X)","(X)",12.3,2.1,"(X)","(X)",17.4,3,"(X)","(X)",15.3,6.2,"(X)","(X)",10,2.2,"(X)","(X)",14.3,3.3,"(X)","(X)",14.9,7.4,"(X)","(X)",21,6.3,"(X)","(X)",27.3,9.5,"(X)","(X)",19,14.5,"(X)","(X)",16.3,2.1,"(X)","(X)",20.4,3.9,"(X)","(X)",20.3,3.9,"(X)","(X)",20,5.1,"(X)","(X)",20.5,4.2,"(X)","(X)",15.2,1.9,"(X)","(X)",15.6,2.2,"(X)","(X)",13.3,2.3,"(X)","(X)",14.4,2.5,"(X)","(X)",26.1,3.5
"4","4107","4","Elmhurst & South Corona","(X)","(X)",19.7,2.5,"(X)","(X)",25.5,3.3,"(X)","(X)",15.5,4.8,"(X)","(X)",17.1,2.5,"(X)","(X)",19,3.3,"(X)","(X)",7.4,4.6,"(X)","(X)",27.7,6.1,"(X)","(X)",39.9,8.1,"(X)","(X)",43.1,18.2,"(X)","(X)",22.7,2.2,"(X)","(X)",30.2,4.7,"(X)","(X)",30.1,4.7,"(X)","(X)",26.3,5.2,"(X)","(X)",31.9,5.3,"(X)","(X)",20.7,2,"(X)","(X)",20.2,2.1,"(X)","(X)",24,4.2,"(X)","(X)",19.8,2.6,"(X)","(X)",34.5,3.1
"4","4108","6","Forest Hills & Rego Park","(X)","(X)",7.4,1.4,"(X)","(X)",8.8,1.8,"(X)","(X)",3.3,2.7,"(X)","(X)",5.5,1.4,"(X)","(X)",5,1.8,"(X)","(X)",2.8,2.6,"(X)","(X)",14.6,5.3,"(X)","(X)",20.9,8.5,"(X)","(X)",9.5,16.1,"(X)","(X)",9.9,1.4,"(X)","(X)",11.9,4,"(X)","(X)",11.6,3.9,"(X)","(X)",8.3,3.8,"(X)","(X)",13.5,4.6,"(X)","(X)",9.5,1.2,"(X)","(X)",8.5,1.4,"(X)","(X)",13.5,2.5,"(X)","(X)",7.9,1.7,"(X)","(X)",15.7,2.3
"4","4109","2","Sunnyside & Woodside","(X)","(X)",12.2,1.7,"(X)","(X)",18.4,3.2,"(X)","(X)",12.9,6.6,"(X)","(X)",10.1,2.2,"(X)","(X)",14.1,3.9,"(X)","(X)",10.3,6.4,"(X)","(X)",21.9,5.1,"(X)","(X)",37,9.4,"(X)","(X)",43.9,26.8,"(X)","(X)",15.6,1.7,"(X)","(X)",22.3,4.5,"(X)","(X)",21.9,4.5,"(X)","(X)",21,6.8,"(X)","(X)",22.4,4.8,"(X)","(X)",14.2,1.3,"(X)","(X)",14.5,1.4,"(X)","(X)",11.6,2.6,"(X)","(X)",13.1,2.2,"(X)","(X)",22.1,2.1
"4","4110","5","Ridgewood, Glendale & Middle Village","(X)","(X)",11.1,1.1,"(X)","(X)",17.4,2,"(X)","(X)",14.6,5.6,"(X)","(X)",7.7,1.2,"(X)","(X)",10.6,2.2,"(X)","(X)",11,5.3,"(X)","(X)",22.1,3.4,"(X)","(X)",35.1,5.7,"(X)","(X)",24.8,13.8,"(X)","(X)",14.4,1.1,"(X)","(X)",20.4,2.4,"(X)","(X)",19.9,2.4,"(X)","(X)",20.9,4.2,"(X)","(X)",19.5,2.7,"(X)","(X)",12.8,1,"(X)","(X)",12.8,1.1,"(X)","(X)",12.9,2,"(X)","(X)",12.2,1.3,"(X)","(X)",23.8,2.1
"4","4111","9","Richmond Hill & Woodhaven","(X)","(X)",15.3,1.4,"(X)","(X)",20.9,2,"(X)","(X)",12.8,4.6,"(X)","(X)",11.5,1.7,"(X)","(X)",14.7,2.3,"(X)","(X)",8.9,4.6,"(X)","(X)",28.2,3.5,"(X)","(X)",38.9,4.7,"(X)","(X)",30.8,12.9,"(X)","(X)",16.8,1.4,"(X)","(X)",24,2.5,"(X)","(X)",23.7,2.6,"(X)","(X)",22.4,4.4,"(X)","(X)",24.2,2.7,"(X)","(X)",14.6,1.2,"(X)","(X)",14.9,1.3,"(X)","(X)",12.3,2.1,"(X)","(X)",15.4,1.4,"(X)","(X)",25.8,2.8
"4","4112","12","Jamaica, Hollis & St. Albans","(X)","(X)",13.7,1.5,"(X)","(X)",19.5,2.2,"(X)","(X)",17.4,5.5,"(X)","(X)",9,1.7,"(X)","(X)",12.5,2.4,"(X)","(X)",13.2,7.2,"(X)","(X)",19.6,2.7,"(X)","(X)",26.9,3.6,"(X)","(X)",23.5,9.5,"(X)","(X)",17.1,1.6,"(X)","(X)",25.6,3.5,"(X)","(X)",25,3.5,"(X)","(X)",27.1,4.1,"(X)","(X)",24.1,4.1,"(X)","(X)",14.4,1.1,"(X)","(X)",14.3,1.2,"(X)","(X)",15,2.1,"(X)","(X)",14.5,1.8,"(X)","(X)",33.4,2.6
"4","4113","10","Howard Beach & Ozone Park","(X)","(X)",10.4,1.4,"(X)","(X)",15.2,2.5,"(X)","(X)",10.7,4.8,"(X)","(X)",7.5,1.4,"(X)","(X)",10.1,2.5,"(X)","(X)",4.6,3.7,"(X)","(X)",19.7,3.7,"(X)","(X)",32,6.6,"(X)","(X)",28.8,14.5,"(X)","(X)",13.4,1.6,"(X)","(X)",18.6,3,"(X)","(X)",18.5,3.1,"(X)","(X)",16.3,4.9,"(X)","(X)",19.2,3.5,"(X)","(X)",12,1.5,"(X)","(X)",12.3,1.6,"(X)","(X)",10.6,2.5,"(X)","(X)",11.3,1.6,"(X)","(X)",31.9,4.3
"4","4114","14","Far Rockaway, Breezy Point & Broad Channel","(X)","(X)",17,2.2,"(X)","(X)",21.4,3.4,"(X)","(X)",19,7.3,"(X)","(X)",8.1,2.2,"(X)","(X)",8.6,2.8,"(X)","(X)",8.5,7.5,"(X)","(X)",30.9,4.4,"(X)","(X)",36.3,6.3,"(X)","(X)",29.9,13.1,"(X)","(X)",19.4,2.2,"(X)","(X)",25.2,4,"(X)","(X)",25.1,4,"(X)","(X)",24.1,5.9,"(X)","(X)",25.6,4.3,"(X)","(X)",17.1,1.8,"(X)","(X)",16.6,2,"(X)","(X)",19.9,3.5,"(X)","(X)",17.3,2.4,"(X)","(X)",30.2,3.9
