"zcta10","stateco","alloc","puma10","pumaname","nameshort","per_in_puma","per_of_puma"
"10451","36005","x","03710","NYC-Bronx Community District 1 & 2--Hunts Point, Longwood & Melrose","Hunts Point, Longwood & Melrose",0.482,0.141
"10452","36005","x","03708","NYC-Bronx Community District 4--Concourse, Highbridge & Mount Eden","Concourse, Highbridge & Mount Eden",0.952,0.515
"10453","36005","x","03707","NYC-Bronx Community District 5--Morris Heights, Fordham South & Mount Hope","Morris Heights, Fordham South & Mount Hope",0.984,0.574
"10454","36005","x","03710","NYC-Bronx Community District 1 & 2--Hunts Point, Longwood & Melrose","Hunts Point, Longwood & Melrose",1,0.239
"10455","36005","x","03710","NYC-Bronx Community District 1 & 2--Hunts Point, Longwood & Melrose","Hunts Point, Longwood & Melrose",1,0.254
"10456","36005","x","03705","NYC-Bronx Community District 3 & 6--Belmont, Crotona Park East & East Tremont","Belmont, Crotona Park East & East Tremont",0.491,0.264
"10457","36005","x","03707","NYC-Bronx Community District 5--Morris Heights, Fordham South & Mount Hope","Morris Heights, Fordham South & Mount Hope",0.483,0.254
"10458","36005","x","03706","NYC-Bronx Community District 7--Bedford Park, Fordham North & Norwood","Bedford Park, Fordham North & Norwood",0.596,0.372
"10459","36005","x","03710","NYC-Bronx Community District 1 & 2--Hunts Point, Longwood & Melrose","Hunts Point, Longwood & Melrose",0.631,0.191
"10460","36005","x","03705","NYC-Bronx Community District 3 & 6--Belmont, Crotona Park East & East Tremont","Belmont, Crotona Park East & East Tremont",0.75,0.266
"10461","36005","x","03703","NYC-Bronx Community District 10--Co-op City, Pelham Bay & Schuylerville","Co-op City, Pelham Bay & Schuylerville",0.483,0.212
"10462","36005","x","03709","NYC-Bronx Community District 9--Castle Hill, Clason Point & Parkchester","Castle Hill, Clason Point & Parkchester",0.548,0.229
"10463","36005","x","03701","NYC-Bronx Community District 8--Riverdale, Fieldston & Kingsbridge","Riverdale, Fieldston & Kingsbridge",0.838,0.527
"10464","36005","x","03703","NYC-Bronx Community District 10--Co-op City, Pelham Bay & Schuylerville","Co-op City, Pelham Bay & Schuylerville",0.971,0.038
"10465","36005","x","03703","NYC-Bronx Community District 10--Co-op City, Pelham Bay & Schuylerville","Co-op City, Pelham Bay & Schuylerville",0.995,0.365
"10466","36005","x","03702","NYC-Bronx Community District 12--Wakefield, Williamsbridge & Woodlawn","Wakefield, Williamsbridge & Woodlawn",1,0.49
"10467","36005","x","03706","NYC-Bronx Community District 7--Bedford Park, Fordham North & Norwood","Bedford Park, Fordham North & Norwood",0.412,0.314
"10468","36005","x","03706","NYC-Bronx Community District 7--Bedford Park, Fordham North & Norwood","Bedford Park, Fordham North & Norwood",0.476,0.284
"10469","36005","x","03704","NYC-Bronx Community District 11--Pelham Parkway, Morris Park & Laconia","Pelham Parkway, Morris Park & Laconia",0.483,0.26
"10470","36005","x","03702","NYC-Bronx Community District 12--Wakefield, Williamsbridge & Woodlawn","Wakefield, Williamsbridge & Woodlawn",1,0.111
"10471","36005","x","03701","NYC-Bronx Community District 8--Riverdale, Fieldston & Kingsbridge","Riverdale, Fieldston & Kingsbridge",1,0.212
"10472","36005","x","03709","NYC-Bronx Community District 9--Castle Hill, Clason Point & Parkchester","Castle Hill, Clason Point & Parkchester",1,0.366
"10473","36005","x","03709","NYC-Bronx Community District 9--Castle Hill, Clason Point & Parkchester","Castle Hill, Clason Point & Parkchester",1,0.323
"10474","36005","x","03710","NYC-Bronx Community District 1 & 2--Hunts Point, Longwood & Melrose","Hunts Point, Longwood & Melrose",1,0.079
"10475","36005","x","03703","NYC-Bronx Community District 10--Co-op City, Pelham Bay & Schuylerville","Co-op City, Pelham Bay & Schuylerville",0.982,0.349
"11201","36047","x","04004","NYC-Brooklyn Community District 2--Brooklyn Heights & Fort Greene","Brooklyn Heights & Fort Greene",0.894,0.386
"11203","36047","x","04010","NYC-Brooklyn Community District 17--East Flatbush, Farragut & Rugby","East Flatbush, Farragut & Rugby",0.795,0.446
"11204","36047","x","04017","NYC-Brooklyn Community District 11--Bensonhurst & Bath Beach","Bensonhurst & Bath Beach",0.635,0.273
"11205","36047","x","04004","NYC-Brooklyn Community District 2--Brooklyn Heights & Fort Greene","Brooklyn Heights & Fort Greene",0.7,0.238
"11206","36047","x","04003","NYC-Brooklyn Community District 3--Bedford-Stuyvesant","Bedford-Stuyvesant",0.464,0.282
"11207","36047","x","04008","NYC-Brooklyn Community District 5--East New York & Starrett City","East New York & Starrett City",0.491,0.297
"11208","36047","x","04008","NYC-Brooklyn Community District 5--East New York & Starrett City","East New York & Starrett City",1,0.611
"11209","36047","x","04013","NYC-Brooklyn Community District 10--Bay Ridge & Dyker Heights","Bay Ridge & Dyker Heights",1,0.565
"11210","36047","x","04015","NYC-Brooklyn Community District 14--Flatbush & Midwood","Flatbush & Midwood",0.481,0.188
"11211","36047","x","04001","NYC-Brooklyn Community District 1--Greenpoint & Williamsburg","Greenpoint & Williamsburg",1,0.611
"11212","36047","x","04007","NYC-Brooklyn Community District 16--Brownsville & Ocean Hill","Brownsville & Ocean Hill",0.693,0.49
"11213","36047","x","04006","NYC-Brooklyn Community District 8--Crown Heights North & Prospect Heights","Crown Heights North & Prospect Heights",0.771,0.4
"11214","36047","x","04017","NYC-Brooklyn Community District 11--Bensonhurst & Bath Beach","Bensonhurst & Bath Beach",0.904,0.441
"11215","36047","x","04005","NYC-Brooklyn Community District 6--Park Slope, Carroll Gardens & Red Hook","Park Slope, Carroll Gardens & Red Hook",0.843,0.505
"11216","36047","x","04003","NYC-Brooklyn Community District 3--Bedford-Stuyvesant","Bedford-Stuyvesant",0.509,0.206
"11217","36047","x","04004","NYC-Brooklyn Community District 2--Brooklyn Heights & Fort Greene","Brooklyn Heights & Fort Greene",0.557,0.168
"11218","36047","x","04014","NYC-Brooklyn Community District 12--Borough Park, Kensington & Ocean Parkway","Borough Park, Kensington & Ocean Parkway",0.676,0.311
"11219","36047","x","04014","NYC-Brooklyn Community District 12--Borough Park, Kensington & Ocean Parkway","Borough Park, Kensington & Ocean Parkway",0.689,0.389
"11220","36047","x","04012","NYC-Brooklyn Community District 7--Sunset Park & Windsor Terrace","Sunset Park & Windsor Terrace",0.865,0.585
"11221","36047","x","04003","NYC-Brooklyn Community District 3--Bedford-Stuyvesant","Bedford-Stuyvesant",0.51,0.3
"11222","36047","x","04001","NYC-Brooklyn Community District 1--Greenpoint & Williamsburg","Greenpoint & Williamsburg",1,0.25
"11223","36047","x","04017","NYC-Brooklyn Community District 11--Bensonhurst & Bath Beach","Bensonhurst & Bath Beach",0.391,0.17
"11224","36047","x","04018","NYC-Brooklyn Community District 13--Brighton Beach & Coney Island","Brighton Beach & Coney Island",1,0.415
"11225","36047","x","04011","NYC-Brooklyn Community District 9--Crown Heights South, Prospect Lefferts & Wingate","Crown Heights South, Prospect Lefferts & Wingate",1,0.53
"11226","36047","x","04015","NYC-Brooklyn Community District 14--Flatbush & Midwood","Flatbush & Midwood",0.521,0.334
"11228","36047","x","04013","NYC-Brooklyn Community District 10--Bay Ridge & Dyker Heights","Bay Ridge & Dyker Heights",0.604,0.207
"11229","36047","x","04016","NYC-Brooklyn Community District 15--Sheepshead Bay, Gerritsen Beach & Homecrest","Sheepshead Bay, Gerritsen Beach & Homecrest",0.981,0.531
"11230","36047","x","04015","NYC-Brooklyn Community District 14--Flatbush & Midwood","Flatbush & Midwood",0.756,0.412
"11231","36047","x","04005","NYC-Brooklyn Community District 6--Park Slope, Carroll Gardens & Red Hook","Park Slope, Carroll Gardens & Red Hook",0.98,0.308
"11232","36047","x","04012","NYC-Brooklyn Community District 7--Sunset Park & Windsor Terrace","Sunset Park & Windsor Terrace",0.965,0.185
"11233","36047","x","04007","NYC-Brooklyn Community District 16--Brownsville & Ocean Hill","Brownsville & Ocean Hill",0.466,0.262
"11234","36047","x","04009","NYC-Brooklyn Community District 18--Canarsie & Flatlands","Canarsie & Flatlands",1,0.453
"11235","36047","x","04016","NYC-Brooklyn Community District 15--Sheepshead Bay, Gerritsen Beach & Homecrest","Sheepshead Bay, Gerritsen Beach & Homecrest",0.513,0.275
"11236","36047","x","04009","NYC-Brooklyn Community District 18--Canarsie & Flatlands","Canarsie & Flatlands",0.884,0.428
"11237","36047","x","04002","NYC-Brooklyn Community District 4--Bushwick","Bushwick",1,0.386
"11238","36047","x","04006","NYC-Brooklyn Community District 8--Crown Heights North & Prospect Heights","Crown Heights North & Prospect Heights",0.539,0.216
"11239","36047","x","04008","NYC-Brooklyn Community District 5--East New York & Starrett City","East New York & Starrett City",1,0.087
"11425","36047","x","04013","NYC-Brooklyn Community District 10--Bay Ridge & Dyker Heights","Bay Ridge & Dyker Heights",,0
"10001","36061","x","03807","NYC-Manhattan Community District 4 & 5--Chelsea, Clinton & Midtown Business District","Chelsea, Clinton & Midtown Business District",1,0.146
"10002","36061","x","03809","NYC-Manhattan Community District 3--Chinatown & Lower East Side","Chinatown & Lower East Side",1,0.494
"10003","36061","x","03809","NYC-Manhattan Community District 3--Chinatown & Lower East Side","Chinatown & Lower East Side",0.467,0.159
"10004","36061","x","03810","NYC-Manhattan Community District 1 & 2--Battery Park City, Greenwich Village & Soho","Battery Park City, Greenwich Village & Soho",1,0.021
"10005","36061","x","03810","NYC-Manhattan Community District 1 & 2--Battery Park City, Greenwich Village & Soho","Battery Park City, Greenwich Village & Soho",1,0.048
"10006","36061","x","03810","NYC-Manhattan Community District 1 & 2--Battery Park City, Greenwich Village & Soho","Battery Park City, Greenwich Village & Soho",1,0.02
"10007","36061","x","03810","NYC-Manhattan Community District 1 & 2--Battery Park City, Greenwich Village & Soho","Battery Park City, Greenwich Village & Soho",0.878,0.041
"10009","36061","x","03809","NYC-Manhattan Community District 3--Chinatown & Lower East Side","Chinatown & Lower East Side",0.73,0.272
"10010","36061","x","03808","NYC-Manhattan Community District 6--Murray Hill, Gramercy & Stuyvesant Town","Murray Hill, Gramercy & Stuyvesant Town",0.809,0.17
"10011","36061","x","03807","NYC-Manhattan Community District 4 & 5--Chelsea, Clinton & Midtown Business District","Chelsea, Clinton & Midtown Business District",0.77,0.271
"10012","36061","x","03810","NYC-Manhattan Community District 1 & 2--Battery Park City, Greenwich Village & Soho","Battery Park City, Greenwich Village & Soho",1,0.161
"10013","36061","x","03810","NYC-Manhattan Community District 1 & 2--Battery Park City, Greenwich Village & Soho","Battery Park City, Greenwich Village & Soho",0.812,0.151
"10014","36061","x","03810","NYC-Manhattan Community District 1 & 2--Battery Park City, Greenwich Village & Soho","Battery Park City, Greenwich Village & Soho",0.99,0.212
"10016","36061","x","03808","NYC-Manhattan Community District 6--Murray Hill, Gramercy & Stuyvesant Town","Murray Hill, Gramercy & Stuyvesant Town",0.905,0.325
"10017","36061","x","03808","NYC-Manhattan Community District 6--Murray Hill, Gramercy & Stuyvesant Town","Murray Hill, Gramercy & Stuyvesant Town",0.996,0.109
"10018","36061","x","03807","NYC-Manhattan Community District 4 & 5--Chelsea, Clinton & Midtown Business District","Chelsea, Clinton & Midtown Business District",1,0.036
"10019","36061","x","03807","NYC-Manhattan Community District 4 & 5--Chelsea, Clinton & Midtown Business District","Chelsea, Clinton & Midtown Business District",0.909,0.269
"10020","36061","x","03807","NYC-Manhattan Community District 4 & 5--Chelsea, Clinton & Midtown Business District","Chelsea, Clinton & Midtown Business District",,0
"10021","36061","x","03805","NYC-Manhattan Community District 8--Upper East Side","Upper East Side",1,0.198
"10022","36061","x","03808","NYC-Manhattan Community District 6--Murray Hill, Gramercy & Stuyvesant Town","Murray Hill, Gramercy & Stuyvesant Town",0.936,0.198
"10023","36061","x","03806","NYC-Manhattan Community District 7--Upper West Side & West Side","Upper West Side & West Side",1,0.315
"10024","36061","x","03806","NYC-Manhattan Community District 7--Upper West Side & West Side","Upper West Side & West Side",1,0.306
"10025","36061","x","03806","NYC-Manhattan Community District 7--Upper West Side & West Side","Upper West Side & West Side",0.682,0.333
"10026","36061","x","03803","NYC-Manhattan Community District 10--Central Harlem","Central Harlem",0.981,0.281
"10027","36061","x","03802","NYC-Manhattan Community District 9--Hamilton Heights, Manhattanville & West Harlem","Hamilton Heights, Manhattanville & West Harlem",0.603,0.283
"10028","36061","x","03805","NYC-Manhattan Community District 8--Upper East Side","Upper East Side",1,0.205
"10029","36061","x","03804","NYC-Manhattan Community District 11--East Harlem","East Harlem",1,0.646
"10030","36061","x","03803","NYC-Manhattan Community District 10--Central Harlem","Central Harlem",0.92,0.209
"10031","36061","x","03802","NYC-Manhattan Community District 9--Hamilton Heights, Manhattanville & West Harlem","Hamilton Heights, Manhattanville & West Harlem",1,0.443
"10032","36061","x","03801","NYC-Manhattan Community District 12--Washington Heights, Inwood & Marble Hill","Washington Heights, Inwood & Marble Hill",0.964,0.279
"10033","36061","x","03801","NYC-Manhattan Community District 12--Washington Heights, Inwood & Marble Hill","Washington Heights, Inwood & Marble Hill",1,0.272
"10034","36061","x","03801","NYC-Manhattan Community District 12--Washington Heights, Inwood & Marble Hill","Washington Heights, Inwood & Marble Hill",1,0.196
"10035","36061","x","03804","NYC-Manhattan Community District 11--East Harlem","East Harlem",0.941,0.272
"10036","36061","x","03807","NYC-Manhattan Community District 4 & 5--Chelsea, Clinton & Midtown Business District","Chelsea, Clinton & Midtown Business District",1,0.171
"10037","36061","x","03803","NYC-Manhattan Community District 10--Central Harlem","Central Harlem",0.588,0.086
"10038","36061","x","03810","NYC-Manhattan Community District 1 & 2--Battery Park City, Greenwich Village & Soho","Battery Park City, Greenwich Village & Soho",0.681,0.093
"10039","36061","x","03803","NYC-Manhattan Community District 10--Central Harlem","Central Harlem",1,0.207
"10040","36061","x","03801","NYC-Manhattan Community District 12--Washington Heights, Inwood & Marble Hill","Washington Heights, Inwood & Marble Hill",1,0.211
"10044","36061","x","03805","NYC-Manhattan Community District 8--Upper East Side","Upper East Side",1,0.053
"10065","36061","x","03805","NYC-Manhattan Community District 8--Upper East Side","Upper East Side",1,0.147
"10069","36061","x","03806","NYC-Manhattan Community District 7--Upper West Side & West Side","Upper West Side & West Side",1,0.027
"10075","36061","x","03805","NYC-Manhattan Community District 8--Upper East Side","Upper East Side",1,0.119
"10103","36061","x","03807","NYC-Manhattan Community District 4 & 5--Chelsea, Clinton & Midtown Business District","Chelsea, Clinton & Midtown Business District",1,0
"10110","36061","x","03807","NYC-Manhattan Community District 4 & 5--Chelsea, Clinton & Midtown Business District","Chelsea, Clinton & Midtown Business District",,0
"10111","36061","x","03807","NYC-Manhattan Community District 4 & 5--Chelsea, Clinton & Midtown Business District","Chelsea, Clinton & Midtown Business District",,0
"10112","36061","x","03807","NYC-Manhattan Community District 4 & 5--Chelsea, Clinton & Midtown Business District","Chelsea, Clinton & Midtown Business District",,0
"10115","36061","x","03802","NYC-Manhattan Community District 9--Hamilton Heights, Manhattanville & West Harlem","Hamilton Heights, Manhattanville & West Harlem",,0
"10119","36061","x","03807","NYC-Manhattan Community District 4 & 5--Chelsea, Clinton & Midtown Business District","Chelsea, Clinton & Midtown Business District",1,0.001
"10128","36061","x","03805","NYC-Manhattan Community District 8--Upper East Side","Upper East Side",0.96,0.264
"10152","36061","x","03808","NYC-Manhattan Community District 6--Murray Hill, Gramercy & Stuyvesant Town","Murray Hill, Gramercy & Stuyvesant Town",,0
"10153","36061","x","03807","NYC-Manhattan Community District 4 & 5--Chelsea, Clinton & Midtown Business District","Chelsea, Clinton & Midtown Business District",,0
"10154","36061","x","03808","NYC-Manhattan Community District 6--Murray Hill, Gramercy & Stuyvesant Town","Murray Hill, Gramercy & Stuyvesant Town",,0
"10162","36061","x","03805","NYC-Manhattan Community District 8--Upper East Side","Upper East Side",1,0.008
"10165","36061","x","03808","NYC-Manhattan Community District 6--Murray Hill, Gramercy & Stuyvesant Town","Murray Hill, Gramercy & Stuyvesant Town",1,0
"10167","36061","x","03808","NYC-Manhattan Community District 6--Murray Hill, Gramercy & Stuyvesant Town","Murray Hill, Gramercy & Stuyvesant Town",,0
"10168","36061","x","03808","NYC-Manhattan Community District 6--Murray Hill, Gramercy & Stuyvesant Town","Murray Hill, Gramercy & Stuyvesant Town",,0
"10169","36061","x","03808","NYC-Manhattan Community District 6--Murray Hill, Gramercy & Stuyvesant Town","Murray Hill, Gramercy & Stuyvesant Town",,0
"10170","36061","x","03808","NYC-Manhattan Community District 6--Murray Hill, Gramercy & Stuyvesant Town","Murray Hill, Gramercy & Stuyvesant Town",1,0
"10171","36061","x","03808","NYC-Manhattan Community District 6--Murray Hill, Gramercy & Stuyvesant Town","Murray Hill, Gramercy & Stuyvesant Town",,0
"10172","36061","x","03808","NYC-Manhattan Community District 6--Murray Hill, Gramercy & Stuyvesant Town","Murray Hill, Gramercy & Stuyvesant Town",,0
"10173","36061","x","03807","NYC-Manhattan Community District 4 & 5--Chelsea, Clinton & Midtown Business District","Chelsea, Clinton & Midtown Business District",1,0
"10174","36061","x","03808","NYC-Manhattan Community District 6--Murray Hill, Gramercy & Stuyvesant Town","Murray Hill, Gramercy & Stuyvesant Town",,0
"10177","36061","x","03807","NYC-Manhattan Community District 4 & 5--Chelsea, Clinton & Midtown Business District","Chelsea, Clinton & Midtown Business District",,0
"10199","36061","x","03807","NYC-Manhattan Community District 4 & 5--Chelsea, Clinton & Midtown Business District","Chelsea, Clinton & Midtown Business District",1,0
"10271","36061","x","03810","NYC-Manhattan Community District 1 & 2--Battery Park City, Greenwich Village & Soho","Battery Park City, Greenwich Village & Soho",,0
"10278","36061","x","03810","NYC-Manhattan Community District 1 & 2--Battery Park City, Greenwich Village & Soho","Battery Park City, Greenwich Village & Soho",,0
"10279","36061","x","03810","NYC-Manhattan Community District 1 & 2--Battery Park City, Greenwich Village & Soho","Battery Park City, Greenwich Village & Soho",,0
"10280","36061","x","03810","NYC-Manhattan Community District 1 & 2--Battery Park City, Greenwich Village & Soho","Battery Park City, Greenwich Village & Soho",1,0.053
"10282","36061","x","03810","NYC-Manhattan Community District 1 & 2--Battery Park City, Greenwich Village & Soho","Battery Park City, Greenwich Village & Soho",1,0.032
"11004","36081","x","04105","NYC-Queens Community District 13--Queens Village, Cambria Heights & Rosedale","Queens Village, Cambria Heights & Rosedale",1,0.074
"11005","36081","x","04105","NYC-Queens Community District 13--Queens Village, Cambria Heights & Rosedale","Queens Village, Cambria Heights & Rosedale",1,0.01
"11101","36081","x","04101","NYC-Queens Community District 1--Astoria & Long Island City","Astoria & Long Island City",0.603,0.088
"11102","36081","x","04101","NYC-Queens Community District 1--Astoria & Long Island City","Astoria & Long Island City",1,0.196
"11103","36081","x","04101","NYC-Queens Community District 1--Astoria & Long Island City","Astoria & Long Island City",0.995,0.222
"11104","36081","x","04109","NYC-Queens Community District 2--Sunnyside & Woodside","Sunnyside & Woodside",1,0.203
"11105","36081","x","04101","NYC-Queens Community District 1--Astoria & Long Island City","Astoria & Long Island City",1,0.211
"11106","36081","x","04101","NYC-Queens Community District 1--Astoria & Long Island City","Astoria & Long Island City",1,0.223
"11109","36081","x","04109","NYC-Queens Community District 2--Sunnyside & Woodside","Sunnyside & Woodside",1,0.026
"11351","36081","x","04103","NYC-Queens Community District 7--Flushing, Murray Hill & Whitestone","Flushing, Murray Hill & Whitestone",,0
"11354","36081","x","04103","NYC-Queens Community District 7--Flushing, Murray Hill & Whitestone","Flushing, Murray Hill & Whitestone",1,0.221
"11355","36081","x","04103","NYC-Queens Community District 7--Flushing, Murray Hill & Whitestone","Flushing, Murray Hill & Whitestone",1,0.346
"11356","36081","x","04103","NYC-Queens Community District 7--Flushing, Murray Hill & Whitestone","Flushing, Murray Hill & Whitestone",1,0.094
"11357","36081","x","04103","NYC-Queens Community District 7--Flushing, Murray Hill & Whitestone","Flushing, Murray Hill & Whitestone",1,0.158
"11358","36081","x","04103","NYC-Queens Community District 7--Flushing, Murray Hill & Whitestone","Flushing, Murray Hill & Whitestone",0.617,0.093
"11359","36081","x","04103","NYC-Queens Community District 7--Flushing, Murray Hill & Whitestone","Flushing, Murray Hill & Whitestone",,0
"11360","36081","x","04103","NYC-Queens Community District 7--Flushing, Murray Hill & Whitestone","Flushing, Murray Hill & Whitestone",0.784,0.06
"11361","36081","x","04104","NYC-Queens Community District 11--Bayside, Douglaston & Little Neck","Bayside, Douglaston & Little Neck",1,0.245
"11362","36081","x","04104","NYC-Queens Community District 11--Bayside, Douglaston & Little Neck","Bayside, Douglaston & Little Neck",1,0.153
"11363","36081","x","04104","NYC-Queens Community District 11--Bayside, Douglaston & Little Neck","Bayside, Douglaston & Little Neck",1,0.06
"11364","36081","x","04104","NYC-Queens Community District 11--Bayside, Douglaston & Little Neck","Bayside, Douglaston & Little Neck",0.998,0.295
"11365","36081","x","04106","NYC-Queens Community District 8--Briarwood, Fresh Meadows & Hillcrest","Briarwood, Fresh Meadows & Hillcrest",0.747,0.205
"11366","36081","x","04106","NYC-Queens Community District 8--Briarwood, Fresh Meadows & Hillcrest","Briarwood, Fresh Meadows & Hillcrest",1,0.088
"11367","36081","x","04106","NYC-Queens Community District 8--Briarwood, Fresh Meadows & Hillcrest","Briarwood, Fresh Meadows & Hillcrest",0.903,0.241
"11368","36081","x","04107","NYC-Queens Community District 4--Elmhurst & South Corona","Elmhurst & South Corona",0.528,0.397
"11369","36081","x","04102","NYC-Queens Community District 3--Jackson Heights & North Corona","Jackson Heights & North Corona",1,0.211
"11370","36081","x","04102","NYC-Queens Community District 3--Jackson Heights & North Corona","Jackson Heights & North Corona",0.556,0.12
"11371","36081","x","04102","NYC-Queens Community District 3--Jackson Heights & North Corona","Jackson Heights & North Corona",,0
"11372","36081","x","04102","NYC-Queens Community District 3--Jackson Heights & North Corona","Jackson Heights & North Corona",0.998,0.363
"11373","36081","x","04107","NYC-Queens Community District 4--Elmhurst & South Corona","Elmhurst & South Corona",0.874,0.603
"11374","36081","x","04108","NYC-Queens Community District 6--Forest Hills & Rego Park","Forest Hills & Rego Park",0.972,0.379
"11375","36081","x","04108","NYC-Queens Community District 6--Forest Hills & Rego Park","Forest Hills & Rego Park",1,0.614
"11377","36081","x","04109","NYC-Queens Community District 2--Sunnyside & Woodside","Sunnyside & Woodside",0.898,0.602
"11378","36081","x","04110","NYC-Queens Community District 5--Ridgewood, Glendale & Middle Village","Ridgewood, Glendale & Middle Village",0.995,0.204
"11379","36081","x","04110","NYC-Queens Community District 5--Ridgewood, Glendale & Middle Village","Ridgewood, Glendale & Middle Village",1,0.204
"11385","36081","x","04110","NYC-Queens Community District 5--Ridgewood, Glendale & Middle Village","Ridgewood, Glendale & Middle Village",1,0.579
"11411","36081","x","04105","NYC-Queens Community District 13--Queens Village, Cambria Heights & Rosedale","Queens Village, Cambria Heights & Rosedale",0.973,0.096
"11412","36081","x","04112","NYC-Queens Community District 12--Jamaica, Hollis & St. Albans","Jamaica, Hollis & St. Albans",0.952,0.15
"11413","36081","x","04105","NYC-Queens Community District 13--Queens Village, Cambria Heights & Rosedale","Queens Village, Cambria Heights & Rosedale",0.831,0.171
"11414","36081","x","04113","NYC-Queens Community District 10--Howard Beach & Ozone Park","Howard Beach & Ozone Park",1,0.212
"11415","36081","x","04111","NYC-Queens Community District 9--Richmond Hill & Woodhaven","Richmond Hill & Woodhaven",1,0.135
"11416","36081","x","04111","NYC-Queens Community District 9--Richmond Hill & Woodhaven","Richmond Hill & Woodhaven",0.971,0.169
"11417","36081","x","04113","NYC-Queens Community District 10--Howard Beach & Ozone Park","Howard Beach & Ozone Park",0.959,0.225
"11418","36081","x","04111","NYC-Queens Community District 9--Richmond Hill & Woodhaven","Richmond Hill & Woodhaven",1,0.253
"11419","36081","x","04113","NYC-Queens Community District 10--Howard Beach & Ozone Park","Howard Beach & Ozone Park",0.513,0.196
"11420","36081","x","04113","NYC-Queens Community District 10--Howard Beach & Ozone Park","Howard Beach & Ozone Park",1,0.359
"11421","36081","x","04111","NYC-Queens Community District 9--Richmond Hill & Woodhaven","Richmond Hill & Woodhaven",1,0.274
"11422","36081","x","04105","NYC-Queens Community District 13--Queens Village, Cambria Heights & Rosedale","Queens Village, Cambria Heights & Rosedale",1,0.161
"11423","36081","x","04112","NYC-Queens Community District 12--Jamaica, Hollis & St. Albans","Jamaica, Hollis & St. Albans",0.753,0.102
"11424","36081","x","04111","NYC-Queens Community District 9--Richmond Hill & Woodhaven","Richmond Hill & Woodhaven",,0
"11426","36081","x","04105","NYC-Queens Community District 13--Queens Village, Cambria Heights & Rosedale","Queens Village, Cambria Heights & Rosedale",1,0.093
"11427","36081","x","04105","NYC-Queens Community District 13--Queens Village, Cambria Heights & Rosedale","Queens Village, Cambria Heights & Rosedale",0.667,0.083
"11428","36081","x","04105","NYC-Queens Community District 13--Queens Village, Cambria Heights & Rosedale","Queens Village, Cambria Heights & Rosedale",0.983,0.1
"11429","36081","x","04105","NYC-Queens Community District 13--Queens Village, Cambria Heights & Rosedale","Queens Village, Cambria Heights & Rosedale",0.986,0.131
"11430","36081","x","04113","NYC-Queens Community District 10--Howard Beach & Ozone Park","Howard Beach & Ozone Park",1,0.001
"11432","36081","x","04106","NYC-Queens Community District 8--Briarwood, Fresh Meadows & Hillcrest","Briarwood, Fresh Meadows & Hillcrest",0.582,0.23
"11433","36081","x","04112","NYC-Queens Community District 12--Jamaica, Hollis & St. Albans","Jamaica, Hollis & St. Albans",1,0.148
"11434","36081","x","04112","NYC-Queens Community District 12--Jamaica, Hollis & St. Albans","Jamaica, Hollis & St. Albans",0.883,0.236
"11435","36081","x","04112","NYC-Queens Community District 12--Jamaica, Hollis & St. Albans","Jamaica, Hollis & St. Albans",0.551,0.133
"11436","36081","x","04112","NYC-Queens Community District 12--Jamaica, Hollis & St. Albans","Jamaica, Hollis & St. Albans",1,0.081
"11451","36081","x","04112","NYC-Queens Community District 12--Jamaica, Hollis & St. Albans","Jamaica, Hollis & St. Albans",,0
"11691","36081","x","04114","NYC-Queens Community District 14--Far Rockaway, Breezy Point & Broad Channel","Far Rockaway, Breezy Point & Broad Channel",1,0.522
"11692","36081","x","04114","NYC-Queens Community District 14--Far Rockaway, Breezy Point & Broad Channel","Far Rockaway, Breezy Point & Broad Channel",1,0.161
"11693","36081","x","04114","NYC-Queens Community District 14--Far Rockaway, Breezy Point & Broad Channel","Far Rockaway, Breezy Point & Broad Channel",1,0.104
"11694","36081","x","04114","NYC-Queens Community District 14--Far Rockaway, Breezy Point & Broad Channel","Far Rockaway, Breezy Point & Broad Channel",1,0.177
"11697","36081","x","04114","NYC-Queens Community District 14--Far Rockaway, Breezy Point & Broad Channel","Far Rockaway, Breezy Point & Broad Channel",1,0.035
"10301","36085","x","03903","NYC-Staten Island Community District 1--Port Richmond, Stapleton & Mariners Harbor","Port Richmond, Stapleton & Mariners Harbor",0.966,0.218
"10302","36085","x","03903","NYC-Staten Island Community District 1--Port Richmond, Stapleton & Mariners Harbor","Port Richmond, Stapleton & Mariners Harbor",1,0.109
"10303","36085","x","03903","NYC-Staten Island Community District 1--Port Richmond, Stapleton & Mariners Harbor","Port Richmond, Stapleton & Mariners Harbor",1,0.15
"10304","36085","x","03903","NYC-Staten Island Community District 1--Port Richmond, Stapleton & Mariners Harbor","Port Richmond, Stapleton & Mariners Harbor",0.667,0.16
"10305","36085","x","03902","NYC-Staten Island Community District 2--New Springville & South Beach","New Springville & South Beach",0.691,0.217
"10306","36085","x","03902","NYC-Staten Island Community District 2--New Springville & South Beach","New Springville & South Beach",0.523,0.22
"10307","36085","x","03901","NYC-Staten Island Community District 3--Tottenville, Great Kills & Annadale","Tottenville, Great Kills & Annadale",1,0.088
"10308","36085","x","03901","NYC-Staten Island Community District 3--Tottenville, Great Kills & Annadale","Tottenville, Great Kills & Annadale",1,0.171
"10309","36085","x","03901","NYC-Staten Island Community District 3--Tottenville, Great Kills & Annadale","Tottenville, Great Kills & Annadale",1,0.203
"10310","36085","x","03903","NYC-Staten Island Community District 1--Port Richmond, Stapleton & Mariners Harbor","Port Richmond, Stapleton & Mariners Harbor",1,0.142
"10311","36085","x","03902","NYC-Staten Island Community District 2--New Springville & South Beach","New Springville & South Beach",,0
"10312","36085","x","03901","NYC-Staten Island Community District 3--Tottenville, Great Kills & Annadale","Tottenville, Great Kills & Annadale",1,0.371
"10314","36085","x","03902","NYC-Staten Island Community District 2--New Springville & South Beach","New Springville & South Beach",0.696,0.447
